<?xml version="1.0" encoding="utf-8"?>
<androidx.constraintlayout.widget.ConstraintLayout xmlns:android="http://schemas.android.com/apk/res/android" xmlns:app="http://schemas.android.com/apk/res-auto" xmlns:aapt="http://schemas.android.com/aapt" android:layout_width="match_parent" android:layout_height="match_parent">
    <FrameLayout android:id="@+id/fl_holder" android:layout_width="match_parent" android:layout_height="match_parent">
        <WebView android:id="@+id/webview" android:layout_width="match_parent" android:layout_height="match_parent" app:layout_constraintBottom_toBottomOf="0" app:layout_constraintEnd_toEndOf="0" app:layout_constraintStart_toStartOf="0" app:layout_constraintTop_toTopOf="0"/>
    </FrameLayout>
    <FrameLayout android:id="@+id/loading_panel" android:background="@color/loading_panel_black" android:focusable="true" android:visibility="gone" android:clickable="true" android:layout_width="match_parent" android:layout_height="match_parent">
        <androidx.constraintlayout.widget.ConstraintLayout android:layout_width="match_parent" android:layout_height="match_parent">
            <ProgressBar android:layout_width="wrap_content" android:layout_height="wrap_content" android:layout_marginTop="32dp" android:layout_marginBottom="32dp" android:indeterminate="true" android:layout_marginStart="32dp" android:layout_marginEnd="32dp" app:layout_constraintBottom_toBottomOf="0" app:layout_constraintEnd_toEndOf="0" app:layout_constraintStart_toStartOf="0" app:layout_constraintTop_toTopOf="0"/>
        </androidx.constraintlayout.widget.ConstraintLayout>
    </FrameLayout>
    <FrameLayout android:layout_width="match_parent" android:layout_height="match_parent">
        <androidx.constraintlayout.widget.ConstraintLayout android:layout_width="match_parent" android:layout_height="match_parent">
            <com.gpk17.gbrowser.misc.MovableFloatingActionSubButton android:theme="@style/Widget.Design.FloatingActionButton" android:id="@+id/fab_info" android:focusable="true" android:clickable="true" android:layout_width="wrap_content" android:layout_height="wrap_content" android:layout_marginBottom="66dp" android:layout_marginEnd="10dp" app:backgroundTint="@color/sub_fab_color" app:layout_constraintBottom_toBottomOf="0" app:layout_constraintEnd_toEndOf="0"/>
            <com.gpk17.gbrowser.misc.MovableFloatingActionSubButton android:theme="@style/Widget.Design.FloatingActionButton" android:id="@+id/fab_volume" android:focusable="true" android:clickable="true" android:layout_width="wrap_content" android:layout_height="wrap_content" android:layout_marginBottom="66dp" android:layout_marginEnd="10dp" app:backgroundTint="@color/sub_fab_color" app:layout_constraintBottom_toBottomOf="0" app:layout_constraintEnd_toEndOf="0"/>
            <com.gpk17.gbrowser.misc.MovableFloatingActionSubButton android:theme="@style/Widget.Design.FloatingActionButton" android:id="@+id/fab_service" android:focusable="true" android:clickable="true" android:layout_width="wrap_content" android:layout_height="wrap_content" android:layout_marginBottom="66dp" android:layout_marginEnd="10dp" app:backgroundTint="@color/sub_fab_color" app:layout_constraintBottom_toBottomOf="0" app:layout_constraintEnd_toEndOf="0"/>
            <com.gpk17.gbrowser.misc.MovableFloatingActionSubButton android:theme="@style/Widget.Design.FloatingActionButton" android:id="@+id/fab_home" android:focusable="true" android:clickable="true" android:layout_width="wrap_content" android:layout_height="wrap_content" android:layout_marginBottom="66dp" android:layout_marginEnd="10dp" app:backgroundTint="@color/sub_fab_color" app:layout_constraintBottom_toBottomOf="0" app:layout_constraintEnd_toEndOf="0"/>
        </androidx.constraintlayout.widget.ConstraintLayout>
    </FrameLayout>
    <FrameLayout android:layout_width="match_parent" android:layout_height="match_parent">
        <androidx.constraintlayout.widget.ConstraintLayout android:layout_width="match_parent" android:layout_height="match_parent">
            <com.gpk17.gbrowser.misc.MovableFloatingActionButton android:theme="@style/Widget.Design.FloatingActionButton" android:layout_gravity="bottom|right|center_vertical|center_horizontal|center|end" android:id="@+id/moveable_fab" android:layout_width="wrap_content" android:layout_height="wrap_content" android:layout_marginBottom="64dp" android:layout_marginEnd="8dp" app:backgroundTint="@color/main_fab_color" app:layout_constraintBottom_toBottomOf="0" app:layout_constraintEnd_toEndOf="0" app:maxImageSize="50dp"/>
        </androidx.constraintlayout.widget.ConstraintLayout>
    </FrameLayout>
    <FrameLayout android:id="@+id/loading_screen" android:visibility="visible" android:layout_width="match_parent" android:layout_height="match_parent">
        <androidx.constraintlayout.widget.ConstraintLayout android:layout_width="match_parent" android:layout_height="match_parent">
            <ImageView android:id="@+id/loading_image_view" android:visibility="visible" android:layout_width="0dp" android:layout_height="0dp" android:scaleType="fitXY" app:layout_constraintBottom_toBottomOf="0" app:layout_constraintEnd_toEndOf="0" app:layout_constraintStart_toStartOf="0" app:layout_constraintTop_toTopOf="0"/>
            <ProgressBar android:id="@+id/loading_progress_bar" android:layout_width="0dp" android:layout_height="wrap_content" android:layout_marginBottom="40dp" android:layout_marginStart="90dp" android:layout_marginEnd="90dp" app:layout_constraintBottom_toBottomOf="0" app:layout_constraintEnd_toEndOf="0" app:layout_constraintHorizontal_bias="1" app:layout_constraintStart_toStartOf="0" style="?android:attr/progressBarStyleHorizontal"/>
            <TextView android:textStyle="bold" android:textColor="@color/colorAccent" android:id="@+id/textView" android:layout_width="0dp" android:layout_height="wrap_content" android:text="@string/loading_message" android:textAlignment="center" android:layout_marginStart="32dp" android:layout_marginEnd="32dp" app:layout_constraintBottom_toTopOf="@+id/loading_progress_bar" app:layout_constraintEnd_toEndOf="0" app:layout_constraintStart_toStartOf="0"/>
        </androidx.constraintlayout.widget.ConstraintLayout>
    </FrameLayout>
    <FrameLayout android:id="@+id/splash_screen" android:visibility="invisible" android:layout_width="match_parent" android:layout_height="match_parent">
        <androidx.constraintlayout.widget.ConstraintLayout android:layout_width="match_parent" android:layout_height="match_parent">
            <pl.droidsonroids.gif.GifImageView android:id="@+id/splash_screen_gif" android:visibility="visible" android:layout_width="0dp" android:layout_height="0dp" android:src="@drawable/loading_gif_screen" android:scaleType="fitXY" app:layout_constraintBottom_toBottomOf="0" app:layout_constraintEnd_toEndOf="0" app:layout_constraintStart_toStartOf="0" app:layout_constraintTop_toTopOf="0"/>
            <ProgressBar android:id="@+id/loading_progress_bar_gif" android:layout_width="0dp" android:layout_height="wrap_content" android:layout_marginBottom="40dp" android:indeterminate="true" android:layout_marginStart="90dp" android:layout_marginEnd="90dp" app:layout_constraintBottom_toBottomOf="0" app:layout_constraintEnd_toEndOf="0" app:layout_constraintHorizontal_bias="1" app:layout_constraintStart_toStartOf="0" style="?android:attr/progressBarStyleHorizontal"/>
        </androidx.constraintlayout.widget.ConstraintLayout>
    </FrameLayout>
</androidx.constraintlayout.widget.ConstraintLayout>
